{"firms_per_label": [1, 1, 1], "number_products": 3, "radius": 0.5, "seed": 1, "graphs": [{"directed": true, "multigraph": false, "graph": {}, "nodes": [{"id": 0}, {"id": 1}], "links": [{"source": 0, "target": 1}]}, {"directed": true, "multigraph": false, "graph": {}, "nodes": [{"id": 0}, {"id": 1}], "links": [{"source": 0, "target": 1}]}, {"directed": true, "multigraph": false, "graph": {}, "nodes": [], "links": []}, {"directed": true, "multigraph": false, "graph": {}, "nodes": [], "links": []}, {"directed": true, "multigraph": false, "graph": {}, "nodes": [], "links": []}]}